{
    "data": {
        "0": "omega",
        "1": "V_c",
        "2": "P_c",
        "3": "T_c",
        "4": "k_PR_eq",
        "5": "k_PR",
        "6": "k_RK",
        "7": "k_SRK",
        "8": "Omega_a",
        "9": "Omega_b"
    },
    "CO_2": {
        "0": 0.225,
        "1": 94.07,
        "2": 73.74,
        "3": 304.12,
        "4": 0.1385678862,
        "5": 0.0,
        "6": 0.0,
        "7": 0.0,
        "8": 0.447,
        "9": 0.0911
    },
    "H_2S": {
        "0": 0.09,
        "1": 98.0,
        "2": 89.63,
        "3": 373.4,
        "4": 0.1312187738,
        "5": 0.102,
        "6": 0.083,
        "7": 0.106,
        "8": 0.434,
        "9": 0.0882
    },
    "N_2": {
        "0": 0.037,
        "1": 90.1,
        "2": 33.98,
        "3": 126.2,
        "4": 0.1274039056,
        "5": -0.022,
        "6": 0.102,
        "7": -0.022,
        "8": 0.429,
        "9": 0.087
    },
    "H_2": {
        "0": -0.216,
        "1": 65.0,
        "2": 12.97,
        "3": 33.25,
        "4": 0.1019700539,
        "5": 0.1019700539,
        "6": "NaN",
        "7": "NaN",
        "8": "NaN",
        "9": "NaN"
    },
    "O_2": {
        "0": 0.0221798,
        "1": 73.37,
        "2": 50.43,
        "3": 154.58,
        "4": 0.126243389,
        "5": 0.114,
        "6": 0.168,
        "7": 0.116,
        "8": "NaN",
        "9": "NaN"
    },
    "CH_4": {
        "0": 0.011,
        "1": 98.6,
        "2": 45.99,
        "3": 190.56,
        "4": 0.1253408185,
        "5": 0.0936,
        "6": 0.05,
        "7": 0.105,
        "8": 0.4278,
        "9": 0.0867
    },
    "CO": {
        "0": 0.045,
        "1": 93.1,
        "2": 34.94,
        "3": 132.85,
        "4": 0.1280133234,
        "5": -0.064,
        "6": "NaN",
        "7": -0.052,
        "8": "NaN",
        "9": "NaN"
    },
    "Ar": {
        "0": -0.002,
        "1": 74.57,
        "2": 48.98,
        "3": 150.86,
        "4": 0.1242619708,
        "5": 0.163,
        "6": -0.076,
        "7": 0.18,
        "8": "NaN",
        "9": "NaN"
    },
    "SO_2": {
        "0": 0.24538,
        "1": 122.0,
        "2": 78.84,
        "3": 430.8,
        "4": 0.1393818758,
        "5": 0.046,
        "6": -0.041,
        "7": 0.048,
        "8": "NaN",
        "9": "NaN"
    },
    "H_2O": {
        "0": 0.344,
        "1": 55.95,
        "2": 220.64,
        "3": 647.14,
        "4": 0.1422258465,
        "5": 0.1422258465,
        "6": "NaN",
        "7": "NaN",
        "8": "NaN",
        "9": "NaN"
    },
    "NO_2": {
        "0": 1.007,
        "1": 82.5961,
        "2": 101.0,
        "3": 431.01,
        "4": 0.1142319962,
        "5": 0.1142319962,
        "6": "NaN",
        "7": "NaN",
        "8": "NaN",
        "9": "NaN"
    },
    "common": {
        "0": "NaN",
        "1": "NaN",
        "2": "NaN",
        "3": "NaN",
        "4": "lambda omega: 0.12443+0.083828*omega-0.093302*(omega**2)",
        "5": "lambda omega: 0.12443+0.083828*omega-0.093302*(omega**2)",
        "6": 0,
        "7": 0,
        "8": 0.42748,
        "9": 0.08664
    }
}